Scrip Name,Scrip Code,Symbol,ISIN,Scrip Opt,Open Qty,Avg Rate,Open Amt,Closing Rate Exchange,,
ADANIENT,,ADANIENT,INE423A01024,EQ,12,2353.75,19208.97,2501.00,,
ADANIPORTS,,ADANIPORTS,INE742F01042,EQ,37,866.78,27090.86,1766.50,,
ALOKINDS,,ALOKINDS,INE270A01029,EQ,1563,19.93,31150.59,14.08,,
AMBUJACEM,,AMBUJACEM,INE079A01024,EQ,61,502.47,30650.67,436.95,,
ARE&M,,ARE&M,INE885A01032,EQ,37,684.62,20105.05,872.75,,
AXISCADES,,AXISCADES,INE555B01013,EQ,11,1371.64,15088.04,2073.70,,
BANDHANBNK,,BANDHANBNK,INE545U01014,EQ,82,374.58,30715.56,202.00,,
BANKBARODA,,BANKBARODA,INE028A01039,EQ,150,135.23,20284.50,266.05,,
BEL,,BEL,INE263A01024,EQ,201,150.03,20245.26,432.80,,
BHEL,,BHEL,INE257A01026,EQ,252,119.84,25137.60,401.55,,
BPCL,,BPCL,INE029A01011,EQ,138,218.08,30095.04,294.15,,
CDSL,,CDSL,INE736A01011,EQ,11,1470.00,9354.00,1229.00,,
CESC,,CESC,INE486A01021,EQ,235,107.23,25199.05,182.40,,
COALINDIA,,COALINDIA,INE522F01014,EQ,52,390.50,10273.50,463.65,,
CROMPTON,,CROMPTON,INE299U01018,EQ,106,285.95,25506.80,290.20,,
DHFL,,DHFL,INE202B01012,EQ,1000,13.85,13850.00,13.85,,
EDELWEISS,,EDELWEISS,INE532F01054,EQ,140,108.72,15220.80,124.30,,
EMBASSY,,EMBASSY,INE041025011,EQ,92,392.36,26006.79,421.93,,
EMBDL,,EMBDL,INE069I01010,EQ,310,97.04,30082.40,72.40,,
ENGINERSIN,,ENGINERSIN,INE510A01028,EQ,218,115.41,25159.38,248.80,,,
EVEXIA,,ELVEXIA,INE313M01030,EQ,180,2.29,412.20,2.29,,
EXIDEIND,,EXIDEIND,INE302A01020,EQ,101,252.33,25485.33,351.55,,
FEDERALBNK,,FEDERALBNK,INE171A01029,EQ,185,167.64,25085.76,293.00,,
GOLDBEES,,GOLDBEES,INF204KB17I5,EQ,513,117.37,45188.00,123.25,,
GRANULES,,GRANULES,INE101D01020,EQ,64,391.40,20120.20,755.05,,
GRSE,,GRSE,INE382Z01011,EQ,13,2486.85,16960.23,2940.50,,
GTLINFRA,,GTLINFRA,INE221H01019,EQ,500,1.10,550.00,1.42,,
HDFCBANK,,HDFCBANK,INE040A01034,EQ,59,761.48,30080.04,766.25,,
HDFCLIFE,,HDFCLIFE,INE795G01014,EQ,49,627.22,20391.00,620.95,,
HINDALCO,,HINDALCO,INE038A01020,EQ,52,578.15,30063.80,1025.40,,
HINDCOPPER,,HINDCOPPER,INE531E01026,EQ,164,182.91,29997.24,572.60,,
HINDZINC,,HINDZINC,INE267A01025,EQ,54,553.93,27544.50,629.05,,
IDFCFIRSTB,,IDFCFIRSTB,INE092T01019,EQ,525,57.45,25091.40,69.25,,
INDIACEM,,INDIACEM,INE383A01012,EQ,118,257.47,30381.46,397.50,,
INDIGO,,INDIGO,INE646L01027,EQ,6,1650.00,9900.00,4309.00,,
INDUSINDBK,,INDUSINDBK,INE095A01012,EQ,31,975.54,30241.74,922.00,,
INDUSTOWER,,INDUSTOWER,INE121J01017,EQ,138,185.30,25571.40,410.75,,
INFY,,INFY,INE009A01021,EQ,15,1392.20,20883.00,1176.00,,
IRCTC,,IRCTC,INE335Y01020,EQ,35,834.50,29207.50,558.00,,
IRFC,,IRFC,INE053F01010,EQ,697,54.11,25249.52,103.20,,
ITC,,ITC,INE154A01025,EQ,119,338.07,30178.98,305.70,,
JIOFIN,,JIOFIN,INE758E01017,EQ,61,227.48,13876.28,239.85,,
KSOLVES,,KSOLVES,INE0D6I01023,EQ,61,296.38,9889.00,291.00,,
LAURUSLABS,,LAURUSLABS,INE947Q01028,EQ,68,443.53,30160.04,1270.00,,
LTM,,LTM,INE214T01019,EQ,7,4600.49,27595.98,4330.00,,
MAXHEALTH,,MAXHEALTH,INE027H01010,EQ,17,1218.91,20721.47,1040.00,,
NH,,NH,INE410P01011,EQ,9,1744.10,15696.90,1884.10,,
NXST,,NXST,INE0NDH25011,EQ,214,144.49,20859.30,158.00,,
ONGC,,ONGC,INE213A01029,EQ,195,206.30,30231.28,280.45,,
ONESOURCE,,ONESOURCE,INE013P01021,EQ,21,103.92,2182.32,1797.70,,
PNB,,PNB,INE160A01022,EQ,552,54.78,30238.56,104.59,,
POWERGRID,,POWERGRID,INE752E01010,EQ,152,196.07,20020.35,310.55,,
PPLPHARMA,,PPLPHARMA,INE0DK501011,EQ,85,174.14,14801.90,183.97,,
RALLIS,,RALLIS,INE613A01020,EQ,129,234.31,30225.99,267.00,,
RBLBANK,,RBLBANK,INE976G01028,EQ,135,148.89,20100.15,337.50,,
RELIANCE,,RELIANCE,INE002A01018,EQ,32,1304.56,31410.00,1385.30,,
RHFL,,RHFL,INE217K01011,EQ,170,3.00,510.00,2.19,,
SAIL,,SAIL,INE114A01011,EQ,270,111.36,30067.20,180.00,,
SGBMAR30X,,SGBMAR30X,IN0020210319,EQ,4,5700.00,22800.00,15240.00,,
SGBMAR31IV,,SGBMAR31IV,IN0020220169,EQ,4,6011.00,24044.00,15347.00,,
SILVERBEES,,SILVERBEES,INF204KC1402,EQ,278,198.45,45120.45,241.03,,
SPICEJET,,SPICEJET,INE285B01017,EQ,436,57.52,25078.72,57.52,,
STAR,,STAR,INE939A01011,EQ,42,435.95,18309.90,1155.20,,
SUNTV,,SUNTV,INE424H01027,EQ,38,537.55,20426.90,566.00,,
TATAGOLD,,TATAGOLD,INF277KA1976,EQ,2115,14.72,15298.80,14.46,,
TATATECH,,TATATECH,INE142M01025,EQ,50,680.12,24962.73,630.55,,
TCS,,TCS,INE467B01029,EQ,13,3024.24,29995.11,2400.00,,
TMCV,,TMCV,INE1TAE01010,EQ,62,335.39,15812.55,413.00,,
TMPV,,TMPV,INE155A01022,EQ,49,426.79,20912.71,345.90,,
UEL,,UEL,INE899L01030,EQ,186,0.00,0.00,150.10,,
VEDL,,VEDL,INE205A01025,EQ,113,178.09,30190.28,299.00,,
YESBANK,,YESBANK,INE528G01035,EQ,1571,16.19,21701.49,22.69,,
